version_state,model_year,make,model,mod_gen,power_train,version,trim_level,trim_class,transmission,speeds,doors,body_type,wheelbase_type,wheelbase_mm,wheels,liters,cc,kilowatt,horsepower,number_of_cylinders,engine_configuration,fuel,seating_capacity,gvw_rating,assembly,ex_showroom_price,on_road_price
price chnge,2025,MARUTI SUZUKI,BALENO,2,combustion,1.2 ALPHA,ALPHA,L1,manual,5,5,hatchback,short,2520,front,1.2,1197,66,90,4,in-line,Petrol,5,1410,IND,8.38,9.42
price chnge,2025,MARUTI SUZUKI,BALENO,2,combustion,1.2 ZETA,ZETA,M2,manual,5,5,hatchback,short,2520,front,1.2,1197,66,90,4,in-line,Petrol,5,1410,IND,7.49,8.44
price chnge,2025,MARUTI SUZUKI,BALENO,2,combustion,1.2 ALPHA AGS,ALPHA,L1,automatic,5,5,hatchback,short,2520,front,1.2,1197,66,90,4,in-line,Petrol,5,1410,IND,8.88,9.98
price chnge,2025,MARUTI SUZUKI,BALENO,2,combustion,1.2 ZETA AGS,ZETA,M2,automatic,5,5,hatchback,short,2520,front,1.2,1197,66,90,4,in-line,Petrol,5,1410,IND,7.99,9
price chnge,2025,MARUTI SUZUKI,BALENO,2,combustion,1.2 CNG ZETA,ZETA,M2,manual,5,5,hatchback,short,2520,front,1.2,1197,57,78,4,in-line,CNG,5,1450,IND,9.33,10.46
"price chnge,S",2025,MARUTI SUZUKI,BALENO,2,combustion,1.2 DELTA,DELTA,M1,manual,5,5,hatchback,short,2520,front,1.2,1197,66,90,4,in-line,Petrol,5,1410,IND,6.66,7.54
"price chnge,S",2025,MARUTI SUZUKI,BALENO,2,combustion,1.2 SIGMA,SIGMA,B1,manual,5,5,hatchback,short,2520,front,1.2,1197,66,90,4,in-line,Petrol,5,1410,IND,5.7,6.45
"price chnge,S",2025,MARUTI SUZUKI,BALENO,2,combustion,1.2 DELTA AGS,DELTA,M1,automatic,5,5,hatchback,short,2520,front,1.2,1197,66,90,4,in-line,Petrol,5,1410,IND,7.16,8.09
"price chnge,S",2025,MARUTI SUZUKI,BALENO,2,combustion,1.2 CNG DELTA,DELTA,M1,manual,5,5,hatchback,short,2520,front,1.2,1197,57,78,4,in-line,CNG,5,1450,IND,8.4,9.42
spec chnge,2023,MARUTI SUZUKI,IGNIS,2,combustion,1.2 SIGMA,SIGMA,B1,manual,5,5,hatchback,short,2435,front,1.2,1197,61,83,4,in-line,Petrol,5,1280,IND,5.84,6.58
spec chnge,2023,MARUTI SUZUKI,IGNIS,2,combustion,1.2 DELTA,DELTA,M1,manual,5,5,hatchback,short,2435,front,1.2,1197,61,83,4,in-line,Petrol,5,1280,IND,6.38,7.22
spec chnge,2023,MARUTI SUZUKI,IGNIS,2,combustion,1.2 DELTA AMT,DELTA,M1,automatic,5,5,hatchback,short,2435,front,1.2,1197,61,83,4,in-line,Petrol,5,1280,IND,6.88,7.78
spec chnge,2023,MARUTI SUZUKI,IGNIS,2,combustion,1.2 ZETA,ZETA,M2,manual,5,5,hatchback,short,2435,front,1.2,1197,61,83,4,in-line,Petrol,5,1280,IND,6.96,7.86
spec chnge,2023,MARUTI SUZUKI,IGNIS,2,combustion,1.2 ZETA AMT,ZETA,M2,automatic,5,5,hatchback,short,2435,front,1.2,1197,61,83,4,in-line,Petrol,5,1280,IND,7.46,8.42
spec chnge,2023,MARUTI SUZUKI,IGNIS,2,combustion,1.2 ALPHA,ALPHA,L1,manual,5,5,hatchback,short,2435,front,1.2,1197,61,83,4,in-line,Petrol,5,1280,IND,7.61,8.6
spec chnge,2023,MARUTI SUZUKI,IGNIS,2,combustion,1.2 ALPHA AMT,ALPHA,L1,automatic,5,5,hatchback,short,2435,front,1.2,1197,61,83,4,in-line,Petrol,5,1280,IND,8.11,9.15
price chnge,2025,MARUTI SUZUKI,FRONX,1,MHEV,1.0 TURBO MHEV ZETA,ZETA,M2,manual,5,5,suv,short,2520,front,1,998,74,101,3,in-line,Petrol,5,1480,IND,10.6,12.2
price chnge,2025,MARUTI SUZUKI,FRONX,1,MHEV,1.0 TURBO MHEV ZETA AUTO,ZETA,M2,automatic,6,5,suv,short,2520,front,1,998,74,101,3,in-line,Petrol,5,1480,IND,12.1,13.91
price chnge,2025,MARUTI SUZUKI,FRONX,1,MHEV,1.0 TURBO MHEV ALPHA,ALPHA,L1,manual,5,5,suv,short,2520,front,1,998,74,101,3,in-line,Petrol,5,1480,IND,11.52,13.25
price chnge,2025,MARUTI SUZUKI,FRONX,1,MHEV,1.0 TURBO MHEV ALPHA AUTO,ALPHA,L1,automatic,6,5,suv,short,2520,front,1,998,74,101,3,in-line,Petrol,5,1480,IND,13.02,14.96
"price chnge,S",2025,MARUTI SUZUKI,FRONX,1,combustion,1.2 SIGMA,SIGMA,B1,manual,5,5,suv,short,2520,front,1.2,1197,66,90,4,in-line,Petrol,5,1450,IND,7.51,8.54
"price chnge,S",2025,MARUTI SUZUKI,FRONX,1,combustion,1.2 DELTA,DELTA,M1,manual,5,5,suv,short,2520,front,1.2,1197,66,90,4,in-line,Petrol,5,1450,IND,8.37,9.49
"price chnge,S",2025,MARUTI SUZUKI,FRONX,1,combustion,1.2 DELTA AGS,DELTA,M1,automatic,5,5,suv,short,2520,front,1.2,1197,66,90,4,in-line,Petrol,5,1450,IND,8.87,10.04
"price chnge,S",2025,MARUTI SUZUKI,FRONX,1,combustion,1.2 DELTA+,DELTA+,M1,manual,5,5,suv,short,2520,front,1.2,1197,66,90,4,in-line,Petrol,5,1450,IND,8.77,9.93
"price chnge,S",2025,MARUTI SUZUKI,FRONX,1,combustion,1.2 DELTA+ AGS,DELTA+,M1,automatic,5,5,suv,short,2520,front,1.2,1197,66,90,4,in-line,Petrol,5,1450,IND,9.27,10.49
"price chnge,S",2025,MARUTI SUZUKI,FRONX,1,MHEV,1.0 TURBO MHEV DELTA+,DELTA+,M1,manual,5,5,suv,short,2520,front,1,998,74,101,3,in-line,Petrol,5,1480,IND,9.76,11.21
"price chnge,S",2025,MARUTI SUZUKI,FRONX,1,combustion,1.2 CNG SIGMA,SIGMA,B1,manual,5,5,suv,short,2520,front,1.2,1197,57,78,4,in-line,CNG,5,1480,IND,8.46,9.52
"price chnge,S",2025,MARUTI SUZUKI,FRONX,1,combustion,1.2 CNG DELTA,DELTA,M1,manual,5,5,suv,short,2520,front,1.2,1197,57,78,4,in-line,CNG,5,1480,IND,9.32,10.46
spec chnge,2025,MARUTI SUZUKI,FRONX,1,combustion,1.2 DELTA+ (O),DELTA+ (O),M1,manual,5,5,suv,short,2520,front,1.2,1197,66,90,4,in-line,Petrol,5,1450,IND,8.93,10.11
spec chnge,2025,MARUTI SUZUKI,FRONX,1,combustion,1.2 DELTA+ (O) AGS,DELTA+ (O),M1,automatic,5,5,suv,short,2520,front,1.2,1197,66,90,4,in-line,Petrol,5,1450,IND,9.43,10.68
spec chnge,2023,MARUTI SUZUKI,CIAZ,1,MHEV,1.5 MHEV ZETA AT,ZETA,M2,automatic,4,4,sedan,short,2650,front,1.5,1462,77,105,4,in-line,Petrol,5,1530,IND,11.59,13.14
spec chnge,2023,MARUTI SUZUKI,CIAZ,1,MHEV,1.5 MHEV ZETA AT,ZETA,M2,automatic,4,4,sedan,short,2650,front,1.5,1462,77,105,4,in-line,Petrol,5,1530,IND,11.19,12.69
spec chnge,2023,MARUTI SUZUKI,CIAZ,1,MHEV,1.5 MHEV DELTA AT,DELTA,M1,automatic,4,4,sedan,short,2650,front,1.5,1462,77,105,4,in-line,Petrol,5,1530,IND,10.04,11.45
spec chnge,2023,MARUTI SUZUKI,CIAZ,1,MHEV,1.5 MHEV DELTA AT,DELTA,M1,automatic,4,4,sedan,short,2650,front,1.5,1462,77,105,4,in-line,Petrol,5,1530,IND,10.44,11.9
spec chnge,2023,MARUTI SUZUKI,CIAZ,1,MHEV,1.5 MHEV ZETA,ZETA,M2,manual,5,4,sedan,short,2650,front,1.5,1462,77,105,4,in-line,Petrol,5,1520,IND,10.44,11.9
spec chnge,2023,MARUTI SUZUKI,CIAZ,1,MHEV,1.5 MHEV ZETA,ZETA,M2,manual,5,4,sedan,short,2650,front,1.5,1462,77,105,4,in-line,Petrol,5,1520,IND,10.04,11.45
spec chnge,2023,MARUTI SUZUKI,CIAZ,1,MHEV,1.5 MHEV DELTA,DELTA,M1,manual,5,4,sedan,short,2650,front,1.5,1462,77,105,4,in-line,Petrol,5,1520,IND,10.04,11.45
spec chnge,2023,MARUTI SUZUKI,CIAZ,1,MHEV,1.5 MHEV DELTA,DELTA,M1,manual,5,4,sedan,short,2650,front,1.5,1462,77,105,4,in-line,Petrol,5,1520,IND,11.23,12.74
spec chnge,2023,MARUTI SUZUKI,CIAZ,1,MHEV,1.5 MHEV ALPHA,ALPHA,L1,manual,5,4,sedan,short,2650,front,1.5,1462,77,105,4,in-line,Petrol,5,1520,IND,9.4,10.72
spec chnge,2023,MARUTI SUZUKI,CIAZ,1,MHEV,1.5 MHEV SIGMA,SIGMA,B1,manual,5,4,sedan,short,2650,front,1.5,1462,77,105,4,in-line,Petrol,5,1520,IND,9.4,10.72
spec chnge,2023,MARUTI SUZUKI,CIAZ,1,MHEV,1.5 MHEV SIGMA,SIGMA,B1,manual,5,5,sedan,short,2650,front,1.5,1462,77,105,4,in-line,Petrol,5,1520,IND,12.38,14
spec chnge,2023,MARUTI SUZUKI,CIAZ,1,MHEV,1.5 MHEV ALPHA AT,ALPHA,L1,automatic,4,5,sedan,short,2650,front,1.5,1462,77,105,4,in-line,Petrol,5,1530,IND,12.38,14
"M,P,S",2025,MARUTI SUZUKI,GRAND VITARA,5,HEV,1.5 HEV ALPHA+ E-CVT,ALPHA+,L1,automatic,5,5,suv,short,2600,front,1.5,1490,85,116,3,in-line,Petrol,5,1745,IND,20.09,23.07
"M,P,S",2025,MARUTI SUZUKI,GRAND VITARA,5,MHEV,1.5 MHEV ALPHA,ALPHA,M4,manual,5,5,suv,short,2600,front,1.5,1462,76,103,4,in-line,Petrol,5,1645,IND,15.51,17.9
"M,P,S",2025,MARUTI SUZUKI,GRAND VITARA,5,MHEV,1.5 MHEV ALPHA AUTO,ALPHA,M4,automatic,6,5,suv,short,2600,front,1.5,1462,76,103,4,in-line,Petrol,5,1675,IND,17.01,19.64
"M,P,S",2025,MARUTI SUZUKI,GRAND VITARA,5,MHEV,1.5 MHEV DELTA AUTO,DELTA,M1,automatic,6,5,suv,short,2600,front,1.5,1462,76,103,4,in-line,Petrol,5,1675,IND,13.7,15.82
"M,P,S",2025,MARUTI SUZUKI,GRAND VITARA,5,MHEV,1.5 MHEV DELTA,DELTA,M1,manual,5,5,suv,short,2600,front,1.5,1462,76,103,4,in-line,Petrol,5,1645,IND,12.2,14.1
"M,P,S",2025,MARUTI SUZUKI,GRAND VITARA,5,MHEV,1.5 MHEV ZETA AUTO,ZETA,M2,automatic,6,5,suv,short,2600,front,1.5,1462,76,103,4,in-line,Petrol,5,1675,IND,15.5,17.89
"M,P,S",2025,MARUTI SUZUKI,GRAND VITARA,5,MHEV,1.5 MHEV ZETA,ZETA,M2,manual,5,5,suv,short,2600,front,1.5,1462,76,103,4,in-line,Petrol,5,1645,IND,13.91,16.06
"M,P,S",2025,MARUTI SUZUKI,GRAND VITARA,5,HEV,1.5 HEV ZETA+ E-CVT,ZETA+,M3,automatic,5,5,suv,short,2600,front,1.5,1490,85,116,3,in-line,Petrol,5,1745,IND,18.54,21.31
"M,P,S",2025,MARUTI SUZUKI,GRAND VITARA,5,MHEV,1.5 MHEV SIGMA,SIGMA,B1,manual,5,5,suv,short,2600,front,1.5,1462,76,103,4,in-line,Petrol,5,1645,IND,10.8,12.51
"R,S,P",2025,MARUTI SUZUKI,GRAND VITARA,5,combustion,1.5 CNG DELTA,DELTA,M1,manual,5,5,suv,short,2600,front,1.5,1462,65,88,4,in-line,CNG,5,1695,IND,13.15,15.15
"R,S,P",2025,MARUTI SUZUKI,GRAND VITARA,5,combustion,1.5 CNG ZETA,ZETA,M2,manual,5,5,suv,short,2600,front,1.5,1462,65,88,4,in-line,CNG,5,1695,IND,14.96,17.22
new version,2025,MARUTI SUZUKI,GRAND VITARA,5,HEV,1.5 HEV DELTA+ E-CVT,DELTA+,M3,automatic,5,5,suv,short,2600,front,1.5,1490,85,116,3,in-line,Petrol,5,1745,IND,17.14,19.75
new version,2025,MARUTI SUZUKI,GRAND VITARA,5,HEV,1.5 HEV ZETA+ (O) E-CVT,ZETA+ (O),M3,automatic,5,5,suv,short,2600,front,1.5,1490,85,116,3,in-line,Petrol,5,1745,IND,18.79,21.6
new version,2025,MARUTI SUZUKI,GRAND VITARA,5,HEV,1.5 HEV ALPHA+ (O) E-CVT,ALPHA+ (O),L1,automatic,5,5,suv,short,2600,front,1.5,1490,85,116,3,in-line,Petrol,5,1745,IND,20.34,23.35
new version,2025,MARUTI SUZUKI,GRAND VITARA,5,MHEV,1.5 MHEV ZETA (O),ZETA (O),M2,manual,5,5,suv,short,2600,front,1.5,1462,76,103,4,in-line,Petrol,5,1645,IND,14.11,16.29
new version,2025,MARUTI SUZUKI,GRAND VITARA,5,MHEV,1.5 MHEV ZETA (O) AUTO,ZETA (O),M2,automatic,6,5,suv,short,2600,front,1.5,1462,76,103,4,in-line,Petrol,5,1675,IND,15.75,18.18
new version,2025,MARUTI SUZUKI,GRAND VITARA,5,MHEV,1.5 MHEV ALPHA AUTO ALLGRIP,ALPHA,M4,automatic,6,5,suv,short,2600,4x4,1.5,1462,76,103,4,in-line,Petrol,5,1745,IND,17.21,19.87
new version,2025,MARUTI SUZUKI,GRAND VITARA,5,MHEV,1.5 MHEV ALPHA (O) AUTO ALLGRIP,ALPHA (O),M4,automatic,6,5,suv,short,2600,4x4,1.5,1462,76,103,4,in-line,Petrol,5,1745,IND,17.46,20.15
new version,2025,MARUTI SUZUKI,GRAND VITARA,5,MHEV,1.5 MHEV ALPHA (O) AUTO,ALPHA (O),M4,automatic,6,5,suv,short,2600,front,1.5,1462,76,103,4,in-line,Petrol,5,1675,IND,17.26,19.92
new version,2025,MARUTI SUZUKI,GRAND VITARA,5,MHEV,1.5 MHEV ALPHA (O),ALPHA (O),M4,manual,5,5,suv,short,2600,front,1.5,1462,76,103,4,in-line,Petrol,5,1645,IND,15.76,18.19
"price chnge,S",2025,MARUTI SUZUKI,XL6,1,MHEV,1.5 MHEV ZETA,ZETA,B1,manual,5,5,MPV,short,2740,front,1.5,1462,76,103,4,in-line,Petrol,6,1740,IND,11.61,13.43
"price chnge,S",2025,MARUTI SUZUKI,XL6,1,MHEV,1.5 MHEV ZETA AUTO,ZETA,B1,automatic,6,5,MPV,short,2740,front,1.5,1462,76,103,4,in-line,Petrol,6,1765,IND,13.01,15.02
"price chnge,S",2025,MARUTI SUZUKI,XL6,1,MHEV,1.5 MHEV ALPHA AUTO,ALPHA,M1,automatic,6,5,MPV,short,2740,front,1.5,1462,76,103,4,in-line,Petrol,6,1765,IND,14.17,16.35
"price chnge,S",2025,MARUTI SUZUKI,XL6,1,MHEV,1.5 MHEV ALPHA,ALPHA,M1,manual,5,5,MPV,short,2740,front,1.5,1462,76,103,4,in-line,Petrol,6,1740,IND,12.77,14.74
"price chnge,S",2025,MARUTI SUZUKI,XL6,1,combustion,1.5 CNG ZETA,ZETA,B1,manual,5,5,MPV,short,2740,front,1.5,1462,65,88,4,in-line,CNG,6,1810,IND,12.56,14.43
spec chnge,2025,MARUTI SUZUKI,XL6,1,MHEV,1.5 MHEV ALPHA+ AUTO,ALPHA+,L1,automatic,6,5,MPV,short,2740,front,1.5,1462,76,103,4,in-line,Petrol,6,1765,IND,14.77,17
spec chnge,2025,MARUTI SUZUKI,XL6,1,MHEV,1.5 MHEV ALPHA+,ALPHA+,L1,manual,5,5,MPV,short,2740,front,1.5,1462,76,103,4,in-line,Petrol,6,1740,IND,13.37,15.4
spec chnge,2023,MARUTI SUZUKI,JIMNY,4,combustion,1.5 ZETA ALLGRIP PRO,ZETA,B1,manual,5,5,suv,short,2590,4x4,1.5,1462,77,105,4,in-line,Petrol,4,1545,IND,12.74,14.65
spec chnge,2023,MARUTI SUZUKI,JIMNY,4,combustion,1.5 ZETA AUTO ALLGRIP PRO,ZETA,B1,automatic,4,5,suv,short,2590,4x4,1.5,1462,77,105,4,in-line,Petrol,4,1545,IND,13.84,15.89
spec chnge,2023,MARUTI SUZUKI,JIMNY,4,combustion,1.5 ALPHA ALLGRIP PRO,ALPHA,L1,manual,5,5,suv,short,2590,4x4,1.5,1462,77,105,4,in-line,Petrol,4,1545,IND,13.69,15.7
spec chnge,2023,MARUTI SUZUKI,JIMNY,4,combustion,1.5 ALPHA AUTO ALLGRIP PRO,ALPHA,L1,automatic,4,5,suv,short,2590,4x4,1.5,1462,77,105,4,in-line,Petrol,4,1545,IND,14.79,16.94
new mod,2023,MARUTI SUZUKI,INVICTO,1,HEV,2.0 HEV ZETA+ E-CVT 7STR,ZETA+,B1,automatic,5,5,MPV,short,2850,front,2,1987,137,184,4,in-line,Petrol,7,2300,IND,25.21,29.14
new mod,2023,MARUTI SUZUKI,INVICTO,1,HEV,2.0 HEV ZETA+ E-CVT 8STR,ZETA+,B1,automatic,5,5,MPV,short,2850,front,2,1987,137,184,4,in-line,Petrol,8,2300,IND,25.26,29.19
new mod,2023,MARUTI SUZUKI,INVICTO,1,HEV,2.0 HEV ALPHA+ E-CVT 7STR,ALPHA+,L1,automatic,5,5,MPV,short,2850,front,2,1987,137,184,4,in-line,Petrol,7,2320,IND,28.92,33.36
price chnge,2023,MARUTI SUZUKI,INVICTO,1,HEV,2.0 HEV ZETA+ E-CVT 7STR,ZETA+,B1,automatic,5,5,MPV,short,2850,front,2,1987,137,184,4,in-line,Petrol,7,2300,IND,25.21,29.14
price chnge,2023,MARUTI SUZUKI,INVICTO,1,HEV,2.0 HEV ZETA+ E-CVT 8STR,ZETA+,B1,automatic,5,5,MPV,short,2850,front,2,1987,137,184,4,in-line,Petrol,8,2300,IND,25.26,29.19
price chnge,2023,MARUTI SUZUKI,INVICTO,1,HEV,2.0 HEV ALPHA+ E-CVT 7STR,ALPHA+,L1,automatic,5,5,MPV,short,2850,front,2,1987,137,184,4,in-line,Petrol,7,2320,IND,28.92,33.36
spec chnge,2023,MARUTI SUZUKI,INVICTO,1,HEV,2.0 HEV ZETA+ E-CVT 7STR,ZETA+,B1,automatic,5,5,MPV,short,2850,front,2,1987,137,184,4,in-line,Petrol,7,2300,IND,25.21,29.14
spec chnge,2023,MARUTI SUZUKI,INVICTO,1,HEV,2.0 HEV ZETA+ E-CVT 8STR,ZETA+,B1,automatic,5,5,MPV,short,2850,front,2,1987,137,184,4,in-line,Petrol,8,2300,IND,25.26,29.19
spec chnge,2023,MARUTI SUZUKI,INVICTO,1,HEV,2.0 HEV ALPHA+ E-CVT 7STR,ALPHA+,L1,automatic,5,5,MPV,short,2850,front,2,1987,137,184,4,in-line,Petrol,7,2320,IND,28.92,33.36
spec chnge,2024,MARUTI SUZUKI,S-PRESSO,1,combustion,1.0 STD (O),STD (O),B1,manual,5,5,hatchback,short,2380,front,1,998,49,67,3,in-line,Petrol,5,1170,IND,4.26,4.74
spec chnge,2024,MARUTI SUZUKI,S-PRESSO,1,combustion,1.0 LXI (O),LXI (O),M1,manual,5,5,hatchback,short,2380,front,1,998,49,67,3,in-line,Petrol,5,1170,IND,5.01,5.52
spec chnge,2024,MARUTI SUZUKI,S-PRESSO,1,combustion,1.0 VXI (O),VXI (O),M2,manual,5,5,hatchback,short,2380,front,1,998,49,67,3,in-line,Petrol,5,1170,IND,5.21,5.74
spec chnge,2024,MARUTI SUZUKI,S-PRESSO,1,combustion,1.0 VXI (O) AMT,VXI (O),M3,automatic,5,5,hatchback,short,2380,front,1,998,49,67,3,in-line,Petrol,5,1170,IND,5.66,6.22
spec chnge,2024,MARUTI SUZUKI,S-PRESSO,1,combustion,1.0 VXI+ (O),VXI+ (O),M4,manual,5,5,hatchback,short,2380,front,1,998,49,67,3,in-line,Petrol,5,1170,IND,5.5,6.04
spec chnge,2024,MARUTI SUZUKI,S-PRESSO,1,combustion,1.0 VXI+ (O) AMT,VXI+ (O),L1,automatic,5,5,hatchback,short,2380,front,1,998,49,67,3,in-line,Petrol,5,1170,IND,5.95,6.52
spec chnge,2024,MARUTI SUZUKI,S-PRESSO,1,combustion,1.0 CNG LXI (O),LXI (O),M1,manual,5,5,hatchback,short,2380,front,1,998,42,57,3,in-line,CNG,4,1170,IND,5.91,6.6
spec chnge,2024,MARUTI SUZUKI,S-PRESSO,1,combustion,1.0 CNG VXI (O),VXI (O),M2,manual,5,5,hatchback,short,2380,front,1,998,42,57,3,in-line,CNG,4,1170,IND,6.11,6.82
"price chnge,S",2025,MARUTI SUZUKI,EECO,1,combustion,1.2 STD 5STR,STD,B1,manual,5,5,MPV,short,2350,rear,1.2,1197,61,83,4,in-line,Petrol,5,1510,IND,5.32,5.95
"price chnge,S",2025,MARUTI SUZUKI,EECO,1,combustion,1.2 5STR AC,AC,L1,manual,5,5,MPV,short,2350,rear,1.2,1197,61,83,4,in-line,Petrol,5,1510,IND,5.68,6.35
"price chnge,S",2025,MARUTI SUZUKI,EECO,1,combustion,1.2 STD 5STR TOUR V,STD Tour V,B1,manual,5,5,MPV,short,2350,rear,1.2,1197,61,83,4,in-line,Petrol,5,1510,IND,5.27,5.89
"price chnge,S",2025,MARUTI SUZUKI,EECO,1,combustion,1.2 5STR AC TOUR V,AC Tour V,L1,manual,5,5,MPV,short,2350,rear,1.2,1197,61,83,4,in-line,Petrol,5,1510,IND,5.63,6.28
"price chnge,S",2025,MARUTI SUZUKI,EECO,1,combustion,1.2 CNG 5STR AC TOUR V,CNG AC Tour V,L1,manual,5,5,MPV,short,2350,rear,1.2,1197,53,72,4,in-line,CNG,5,1510,IND,6.58,7.43
"price chnge,S",2025,MARUTI SUZUKI,EECO,1,combustion,1.2 CNG 5STR AC,CNG AC ,L1,manual,5,5,MPV,short,2350,rear,1.2,1197,53,72,4,in-line,CNG,5,1510,IND,6.58,7.43
"price chnge,S,R",2025,MARUTI SUZUKI,EECO,1,combustion,1.2 AMBULANCE,AMBULANCE,B1,manual,5,5,MPV,short,2350,rear,1.2,1197,61,83,4,in-line,Petrol,4,1510,IND,8.27,9.1
"price chnge,S,R",2025,MARUTI SUZUKI,EECO,1,combustion,1.2 AMBULANCE SHELL,AMBULANCE SHELL,B1,manual,5,5,MPV,short,2350,rear,1.2,1197,61,83,4,in-line,Petrol,4,1510,IND,6.97,7.8
new version,2025,MARUTI SUZUKI,EECO,1,combustion,1.2 STD 6STR TOUR V,STD TOUR V,B1,manual,5,5,MPV,short,2350,rear,1.2,1197,61,83,4,in-line,Petrol,6,1540,IND,5.98,6.58
Current,2025,MARUTI SUZUKI,EECO,2,combustion,1.2 5MT STD,STD,M1,manual,5,5,MPV,LWB,2350,rear,1.2,1197,59,80,4,in-line,Petrol,5,1510,IND,5.32,6.2
new version,2025,MARUTI SUZUKI,EECO,1,combustion,1.2 STD 6STR,STD,B1,manual,5,5,MPV,short,2350,rear,1.2,1197,61,83,4,in-line,Petrol,6,1540,IND,5.61,6.26
"price chnge,S",2025,MARUTI SUZUKI,ALTO,3,combustion,1.0 STD (O) K10,STD (O),B1,manual,5,5,hatchback,short,2380,front,1,998,50,68,3,in-line,Petrol,5,1168,IND,3.99,4.43
"price chnge,S",2025,MARUTI SUZUKI,ALTO,3,combustion,1.0 VXI (O) K10,VXI (O),M3,manual,5,5,hatchback,short,2380,front,1,998,50,68,3,in-line,Petrol,5,1168,IND,4.99,5.52
"price chnge,S",2025,MARUTI SUZUKI,ALTO,3,combustion,1.0 VXI (O) AGS K10,VXI (O),M3,automatic,5,5,hatchback,short,2380,front,1,998,50,68,3,in-line,Petrol,5,1168,IND,5.49,6.04
"price chnge,S",2025,MARUTI SUZUKI,ALTO,3,combustion,1.0 LXI (O) K10,LXI (O),M2,manual,5,5,hatchback,short,2380,front,1,998,50,68,3,in-line,Petrol,5,1168,IND,4.82,5.33
"price chnge,S",2025,MARUTI SUZUKI,ALTO,3,combustion,1.0 VXI+ (O) K10,VXI+ (O),L1,manual,5,5,hatchback,short,2380,front,1,998,50,68,3,in-line,Petrol,5,1168,IND,5.33,5.88
"price chnge,S",2025,MARUTI SUZUKI,ALTO,3,combustion,1.0 VXI+ (O) AGS K10,VXI+ (O),L1,automatic,5,5,hatchback,short,2380,front,1,998,50,68,3,in-line,Petrol,5,1168,IND,5.83,6.41
"price chnge,S",2025,MARUTI SUZUKI,ALTO,3,combustion,1.0 CNG VXI (O) K10,VXI (O),M3,manual,5,5,hatchback,short,2380,front,1,998,42,57,3,in-line,CNG,4,1168,IND,5.94,6.63
"price chnge,S",2025,MARUTI SUZUKI,ALTO,3,combustion,1.0 TOUR H1 (O) K10,TOUR H1 (O),M1,manual,5,5,hatchback,short,2380,front,1,998,50,68,3,in-line,Petrol,5,1168,IND,4.8,5.45
"price chnge,S",2025,MARUTI SUZUKI,ALTO,3,combustion,1.0 CNG TOUR H1 (O) K10,TOUR H1 (O),M1,manual,5,5,hatchback,short,2380,front,1,998,42,57,3,in-line,CNG,4,1168,IND,5.7,6.5
"price chnge,S",2025,MARUTI SUZUKI,ALTO,3,combustion,1.0 CNG LXI (O) K10,LXI (O),M2,manual,5,5,hatchback,short,2380,front,1,998,42,57,3,in-line,CNG,4,1168,IND,5.89,6.5
"price chnge,S",2025,MARUTI SUZUKI,CELERIO,6,combustion,1.0 VXI AGS,VXI,M1,automatic,5,5,hatchback,short,2435,front,1,998,50,68,3,in-line,Petrol,5,1260,IND,6.29,7.12
"price chnge,S",2025,MARUTI SUZUKI,CELERIO,6,combustion,1.0 ZXI+,ZXI+,L1,manual,5,5,hatchback,short,2435,front,1,998,50,68,3,in-line,Petrol,5,1260,IND,6.59,7.47
"price chnge,S",2025,MARUTI SUZUKI,CELERIO,6,combustion,1.0 ZXI,ZXI,M2,manual,5,5,hatchback,short,2435,front,1,998,50,68,3,in-line,Petrol,5,1260,IND,6.11,6.93
"price chnge,S",2025,MARUTI SUZUKI,CELERIO,6,combustion,1.0 VXI,VXI,M1,manual,5,5,hatchback,short,2435,front,1,998,50,68,3,in-line,Petrol,5,1260,IND,5.83,6.42
"price chnge,S",2025,MARUTI SUZUKI,CELERIO,6,combustion,1.0 LXI,LXI,B1,manual,5,5,hatchback,short,2435,front,1,998,50,68,3,in-line,Petrol,5,1260,IND,5.37,5.97
"price chnge,S",2025,MARUTI SUZUKI,CELERIO,6,combustion,1.0 CNG VXI,VXI,M1,manual,5,5,hatchback,short,2435,front,1,998,42,57,3,in-line,CNG,5,1320,IND,6.74,7.63
"price chnge,S",2025,MARUTI SUZUKI,CELERIO,6,combustion,1.0 ZXI+ AGS,ZXI+,L1,automatic,5,5,hatchback,short,2435,front,1,998,50,68,3,in-line,Petrol,5,1260,IND,7.09,8.03
"price chnge,S,R",2025,MARUTI SUZUKI,CELERIO,6,combustion,1.0 ZXI AGS,ZXI,M2,automatic,5,5,hatchback,short,2435,front,1,998,50,68,3,in-line,Petrol,5,1260,IND,6.61,7.49
"price chnge,S",2025,MARUTI SUZUKI,WAGON R,6,combustion,1.0 VXI AMT,VXI,M1,automatic,5,5,hatchback,short,2435,front,1,998,50,68,3,in-line,Petrol,5,1340,IND,6.74,7.56
"price chnge,S",2025,MARUTI SUZUKI,WAGON R,6,combustion,1.0 LXI,LXI,B1,manual,5,5,hatchback,short,2435,front,1,998,50,68,3,in-line,Petrol,5,1340,IND,5.79,6.32
"price chnge,S",2025,MARUTI SUZUKI,WAGON R,6,combustion,1.0 VXI,VXI,M1,manual,5,5,hatchback,short,2435,front,1,998,50,68,3,in-line,Petrol,5,1340,IND,6.24,7
"price chnge,S",2025,MARUTI SUZUKI,WAGON R,6,combustion,1.0 CNG LXI,LXI,B1,manual,5,5,hatchback,short,2435,front,1,998,42,57,3,in-line,CNG,5,1340,IND,6.69,7.51
"price chnge,S",2025,MARUTI SUZUKI,WAGON R,6,combustion,1.2 ZXI AMT,ZXI,M2,automatic,5,5,hatchback,short,2435,front,1.2,1197,67,91,4,in-line,Petrol,5,1340,IND,7.02,7.88
"price chnge,S",2025,MARUTI SUZUKI,WAGON R,6,combustion,1.2 ZXI,ZXI,M2,manual,5,5,hatchback,short,2435,front,1.2,1197,67,91,4,in-line,Petrol,5,1340,IND,6.52,7.32
"price chnge,S",2025,MARUTI SUZUKI,WAGON R,6,combustion,1.0 TOUR H3,TOUR H3,B1,manual,5,5,hatchback,short,2435,front,1,998,50,68,3,in-line,Petrol,5,1340,IND,5.75,6.29
"price chnge,S",2025,MARUTI SUZUKI,WAGON R,6,combustion,1.0 CNG TOUR H3,TOUR H3,B1,manual,5,5,hatchback,short,2435,front,1,998,42,57,3,in-line,CNG,5,1340,IND,6.66,7.47
"price chnge,S",2025,MARUTI SUZUKI,WAGON R,6,combustion,1.0 CNG VXI,VXI,M1,manual,5,5,hatchback,short,2435,front,1,998,42,57,3,in-line,CNG,5,1340,IND,7.14,8.01
"price chnge,S",2025,MARUTI SUZUKI,WAGON R,6,combustion,1.2 ZXI+ AMT,ZXI+,L1,automatic,5,5,hatchback,short,2435,front,1.2,1197,67,91,4,in-line,Petrol,5,1340,IND,7.5,8.42
"price chnge,S",2025,MARUTI SUZUKI,WAGON R,6,combustion,1.2 ZXI+,ZXI+,L1,manual,5,5,hatchback,short,2435,front,1.2,1197,67,91,4,in-line,Petrol,5,1340,IND,7,7.85
"price chnge,S",2025,MARUTI SUZUKI,WAGON R,6,combustion,1.2 ZXI+ AMT 2-TONE,ZXI+,L1,automatic,5,5,hatchback,short,2435,front,1.2,1197,67,91,4,in-line,Petrol,5,1340,IND,7.62,8.55
"price chnge,S",2025,MARUTI SUZUKI,WAGON R,6,combustion,1.2 ZXI+ 2-TONE,ZXI+,L1,manual,5,5,hatchback,short,2435,front,1.2,1197,67,91,4,in-line,Petrol,5,1340,IND,7.12,7.99
spec chnge,2024,MARUTI SUZUKI,SWIFT,7,combustion,1.2 ZXI,ZXI,M3,manual,5,5,hatchback,short,2450,front,1.2,1197,60,82,3,in-line,Petrol,5,1355,IND,8.34,9.36
spec chnge,2024,MARUTI SUZUKI,SWIFT,7,combustion,1.2 VXI,VXI,M1,manual,5,5,hatchback,short,2450,front,1.2,1197,60,82,3,in-line,Petrol,5,1355,IND,7.33,8.26
spec chnge,2024,MARUTI SUZUKI,SWIFT,7,combustion,1.2 LXI,LXI,B1,manual,5,5,hatchback,short,2450,front,1.2,1197,60,82,3,in-line,Petrol,5,1355,IND,6.53,7.36
spec chnge,2024,MARUTI SUZUKI,SWIFT,7,combustion,1.2 ZXI+ AGS,ZXI+,L1,automatic,5,5,hatchback,short,2450,front,1.2,1197,60,82,3,in-line,Petrol,5,1355,IND,9.7,10.85
spec chnge,2024,MARUTI SUZUKI,SWIFT,7,combustion,1.2 ZXI+,ZXI+,L1,manual,5,5,hatchback,short,2450,front,1.2,1197,60,82,3,in-line,Petrol,5,1355,IND,9.19,10.3
spec chnge,2024,MARUTI SUZUKI,SWIFT,7,combustion,1.2 ZXI AGS,ZXI,M3,automatic,5,5,hatchback,short,2450,front,1.2,1197,60,82,3,in-line,Petrol,5,1355,IND,8.84,9.91
spec chnge,2024,MARUTI SUZUKI,SWIFT,7,combustion,1.2 VXI AGS,VXI,M1,automatic,5,5,hatchback,short,2450,front,1.2,1197,60,82,3,in-line,Petrol,5,1355,IND,7.83,8.8
spec chnge,2024,MARUTI SUZUKI,SWIFT,7,combustion,1.2 ZXI+ 2-TONE,ZXI+,L1,manual,5,5,hatchback,short,2450,front,1.2,1197,60,82,3,in-line,Petrol,5,1355,IND,9.34,10.46
spec chnge,2024,MARUTI SUZUKI,SWIFT,7,combustion,1.2 ZXI+ AGS 2-TONE,ZXI+,L1,automatic,5,5,hatchback,short,2450,front,1.2,1197,60,82,3,in-line,Petrol,5,1355,IND,9.85,11.02
spec chnge,2024,MARUTI SUZUKI,SWIFT,7,combustion,1.2 CNG VXI,VXI,M1,manual,5,5,hatchback,short,2450,front,1.2,1197,51,70,3,in-line,CNG,5,1425,IND,8.23,9.25
spec chnge,2024,MARUTI SUZUKI,SWIFT,7,combustion,1.2 CNG ZXI,ZXI,M3,manual,5,5,hatchback,short,2450,front,1.2,1197,51,70,3,in-line,CNG,5,1425,IND,8.99,10.1
spec chnge,2024,MARUTI SUZUKI,SWIFT,7,combustion,1.2 VXI (O),VXI (O),M2,manual,5,5,hatchback,short,2450,front,1.2,1197,60,82,3,in-line,Petrol,5,1355,IND,7.59,8.55
spec chnge,2024,MARUTI SUZUKI,SWIFT,7,combustion,1.2 VXI (O) AGS,VXI (O),M2,automatic,5,5,hatchback,short,2450,front,1.2,1197,60,82,3,in-line,Petrol,5,1355,IND,8.09,9.09
spec chnge,2024,MARUTI SUZUKI,SWIFT,7,combustion,1.2 CNG VXI (O),VXI (O),M2,manual,5,5,hatchback,short,2450,front,1.2,1197,51,70,3,in-line,CNG,5,1425,IND,8.46,9.13
spec chnge,2019,MARUTI SUZUKI,DZIRE,5,combustion,1.2 ZXI,ZXI,M2,manual,5,5,sedan,short,2450,front,1.2,1197,61,83,4,in-line,Petrol,5,1315,IND,7.32,8.25
spec chnge,2019,MARUTI SUZUKI,DZIRE,5,combustion,1.2 VXI,VXI,M1,manual,5,5,sedan,short,2450,front,1.2,1197,61,83,4,in-line,Petrol,5,1315,IND,6.74,7.65
spec chnge,2019,MARUTI SUZUKI,DZIRE,5,combustion,1.2 LXI,LXI,B1,manual,5,5,sedan,short,2450,front,1.2,1197,61,83,4,in-line,Petrol,5,1315,IND,5.89,6.73
spec chnge,2019,MARUTI SUZUKI,DZIRE,5,combustion,1.2 ZXI+,ZXI+,L1,manual,5,5,sedan,short,2450,front,1.2,1197,61,83,4,in-line,Petrol,5,1315,IND,8.12,9.11
spec chnge,2019,MARUTI SUZUKI,DZIRE,5,combustion,1.2 VXI AMT,VXI,M1,manual,5,5,sedan,short,2450,front,1.2,1197,61,83,4,in-line,Petrol,5,1315,IND,7.21,8.14
spec chnge,2019,MARUTI SUZUKI,DZIRE,5,combustion,1.2 ZXI AMT,ZXI,M2,manual,5,5,sedan,short,2450,front,1.2,1197,61,83,4,in-line,Petrol,5,1315,IND,7.79,8.76
spec chnge,2019,MARUTI SUZUKI,DZIRE,5,combustion,1.2 ZXI+ AMT,ZXI+,L1,manual,5,5,sedan,short,2450,front,1.2,1197,61,83,4,in-line,Petrol,5,1315,IND,8.59,9.62
"price chnge,S",2025,MARUTI SUZUKI,BREZZA,2,MHEV,1.5 MHEV ZXI AT,ZXI,M2,automatic,6,5,suv,short,2500,front,1.5,1462,76,103,4,in-line,Petrol,5,1680,IND,12.66,14.58
"price chnge,S",2025,MARUTI SUZUKI,BREZZA,2,MHEV,1.5 MHEV ZXI,ZXI,M2,manual,5,5,suv,short,2500,front,1.5,1462,76,103,4,in-line,Petrol,5,1640,IND,11.26,12.99
"price chnge,S",2025,MARUTI SUZUKI,BREZZA,2,MHEV,1.5 MHEV VXI AT,VXI,M1,automatic,6,5,suv,short,2500,front,1.5,1462,76,103,4,in-line,Petrol,5,1680,IND,11.15,12.87
"price chnge,S",2025,MARUTI SUZUKI,BREZZA,2,combustion,1.5 VXI,VXI,M1,manual,5,5,suv,short,2500,front,1.5,1462,74,101,4,in-line,Petrol,5,1640,IND,9.75,10.89
"price chnge,S",2025,MARUTI SUZUKI,BREZZA,2,combustion,1.5 LXI,LXI,B1,manual,5,5,suv,short,2500,front,1.5,1462,74,101,4,in-line,Petrol,5,1640,IND,8.69,9.73
"price chnge,S",2025,MARUTI SUZUKI,BREZZA,2,MHEV,1.5 MHEV ZXI AT 2-TONE,ZXI,M2,automatic,6,5,suv,short,2500,front,1.5,1462,76,103,4,in-line,Petrol,5,1680,IND,12.82,14.76
"price chnge,S",2025,MARUTI SUZUKI,BREZZA,2,MHEV,1.5 MHEV ZXI 2-TONE,ZXI,M2,manual,5,5,suv,short,2500,front,1.5,1462,76,103,4,in-line,Petrol,5,1640,IND,11.42,13.18
"price chnge,S",2025,MARUTI SUZUKI,BREZZA,2,combustion,1.5 CNG ZXI 2-TONE,ZXI,M2,manual,5,5,suv,short,2500,front,1.5,1462,65,88,4,in-line,CNG,5,1680,IND,12.37,14.26
"price chnge,S",2025,MARUTI SUZUKI,BREZZA,2,combustion,1.5 CNG ZXI,ZXI,M2,manual,5,5,suv,short,2500,front,1.5,1462,65,88,4,in-line,CNG,5,1680,IND,12.21,14.08
"price chnge,S",2025,MARUTI SUZUKI,BREZZA,2,combustion,1.5 CNG VXI,VXI,M1,manual,5,5,suv,short,2500,front,1.5,1462,65,88,4,in-line,CNG,5,1680,IND,10.7,12.37
"price chnge,S",2025,MARUTI SUZUKI,BREZZA,2,combustion,1.5 CNG LXI,LXI,B1,manual,5,5,suv,short,2500,front,1.5,1462,65,88,4,in-line,CNG,5,1680,IND,9.64,10.78
spec chnge,2025,MARUTI SUZUKI,BREZZA,2,MHEV,1.5 MHEV ZXI+ AT,ZXI+,L1,automatic,6,5,suv,short,2500,front,1.5,1462,76,103,4,in-line,Petrol,5,1680,IND,13.98,16.08
spec chnge,2025,MARUTI SUZUKI,BREZZA,2,MHEV,1.5 MHEV ZXI+,ZXI+,L1,manual,5,5,suv,short,2500,front,1.5,1462,76,103,4,in-line,Petrol,5,1640,IND,12.58,14.49
spec chnge,2025,MARUTI SUZUKI,BREZZA,2,MHEV,1.5 MHEV ZXI+ 2-TONE,ZXI+,L1,manual,5,5,suv,short,2500,front,1.5,1462,76,103,4,in-line,Petrol,5,1640,IND,12.74,14.67
spec chnge,2025,MARUTI SUZUKI,BREZZA,2,MHEV,1.5 MHEV ZXI+ AT 2-TONE,ZXI+,L1,automatic,6,5,suv,short,2500,front,1.5,1462,76,103,4,in-line,Petrol,5,1680,IND,14.14,16.26
"price chnge,S",2025,MARUTI SUZUKI,ERTIGA,2,MHEV,1.5 MHEV ZXI,ZXI,M2,manual,5,5,MPV,short,2740,front,1.5,1462,76,103,4,in-line,Petrol,7,1760,IND,11.16,13.23
"price chnge,S",2025,MARUTI SUZUKI,ERTIGA,2,MHEV,1.5 MHEV VXI,VXI,M1,manual,5,5,MPV,short,2740,front,1.5,1462,76,103,4,in-line,Petrol,7,1760,IND,10.06,11.97
"price chnge,S",2025,MARUTI SUZUKI,ERTIGA,2,MHEV,1.5 MHEV LXI,LXI,B1,manual,5,5,MPV,short,2740,front,1.5,1462,76,103,4,in-line,Petrol,7,1760,IND,8.97,10.35
"price chnge,S",2025,MARUTI SUZUKI,ERTIGA,2,MHEV,1.5 MHEV ZXI+,ZXI+,L1,manual,5,5,MPV,short,2740,front,1.5,1462,76,103,4,in-line,Petrol,7,1760,IND,11.86,14.03
"price chnge,S",2025,MARUTI SUZUKI,ERTIGA,2,MHEV,1.5 MHEV VXI AT,VXI,M1,automatic,6,5,MPV,short,2740,front,1.5,1462,76,103,4,in-line,Petrol,7,1785,IND,11.46,13.57
"price chnge,S",2025,MARUTI SUZUKI,ERTIGA,2,MHEV,1.5 MHEV ZXI AT,ZXI,M2,automatic,6,5,MPV,short,2740,front,1.5,1462,76,103,4,in-line,Petrol,7,1785,IND,12.56,14.84
"price chnge,S",2025,MARUTI SUZUKI,ERTIGA,2,MHEV,1.5 TOUR M,TOUR M,M1,manual,5,5,MPV,short,2740,front,1.5,1462,76,103,4,in-line,Petrol,7,1760,IND,9.9,11.25
"price chnge,S",2025,MARUTI SUZUKI,ERTIGA,2,combustion,1.5 CNG VXI,VXI,M1,manual,5,5,MPV,short,2740,front,1.5,1462,65,88,4,in-line,CNG,7,1820,IND,11.16,13.06
"price chnge,S",2025,MARUTI SUZUKI,ERTIGA,2,combustion,1.5 CNG TOUR M,TOUR M,M1,manual,5,5,MPV,short,2740,front,1.5,1462,65,88,4,in-line,CNG,7,1820,IND,10.85,13.09
"price chnge,S",2025,MARUTI SUZUKI,ERTIGA,2,combustion,1.5 CNG ZXI,ZXI,M2,manual,5,5,MPV,short,2740,front,1.5,1462,65,88,4,in-line,CNG,7,1820,IND,12.25,14.32
"price chnge,S",2025,MARUTI SUZUKI,ERTIGA,2,MHEV,1.5 MHEV ZXI+ AT,ZXI+,L1,automatic,6,5,MPV,short,2740,front,1.5,1462,76,103,4,in-line,Petrol,7,1785,IND,13.41,15.64
